{
    "root_group": {
        "groups": {},
        "checks": {
                "status was 200": {
                    "passes": 0,
                    "fails": 1249,
                    "name": "status was 200",
                    "path": "::status was 200",
                    "id": "1461660757a913d4fb82ac4c5e1009de"
                }
            },
        "name": "",
        "path": "",
        "id": "d41d8cd98f00b204e9800998ecf8427e"
    },
    "metrics": {
        "http_req_tls_handshaking": {
            "avg": 0,
            "min": 0,
            "med": 0,
            "max": 0,
            "p(90)": 0,
            "p(95)": 0
        },
        "http_req_sending": {
            "min": 0.001,
            "med": 0.008,
            "max": 2.905,
            "p(90)": 0.021,
            "p(95)": 0.034,
            "avg": 0.014635508406725596
        },
        "iterations": {
            "count": 1248,
            "rate": 11.194776316438867
        },
        "http_req_receiving": {
            "avg": 3.0330632506004935,
            "min": 0.013,
            "med": 1.376,
            "max": 81.329,
            "p(90)": 7.2570000000000014,
            "p(95)": 11.448499999999997
        },
        "http_req_duration{expected_response:true}": {
            "avg": 506.1971505204162,
            "min": 17.562,
            "med": 559.538,
            "max": 1073.749,
            "p(90)": 762.1584,
            "p(95)": 864.4286
        },
        "data_sent": {
            "count": 414636,
            "rate": 3719.356789056848
        },
        "http_reqs": {
            "count": 4996,
            "rate": 44.81498595907739
        },
        "data_received": {
            "count": 235412769,
            "rate": 2111693.3421382164
        },
        "http_req_failed": {
            "passes": 3747,
            "fails": 1249,
            "value": 0.75
        },
        "vus_max": {
            "max": 20,
            "value": 20,
            "min": 20
        },
        "http_req_duration": {
            "max": 1155.337,
            "p(90)": 812.5450000000001,
            "p(95)": 924.8367499999999,
            "avg": 569.3781737389901,
            "min": 16.608,
            "med": 599.0319999999999
        },
        "iteration_duration": {
            "max": 2155.551708,
            "p(90)": 1830.8275793,
            "p(95)": 1942.8215456,
            "avg": 1618.932664307692,
            "min": 1037.798208,
            "med": 1644.227125
        },
        "http_req_waiting": {
            "p(90)": 810.1695,
            "p(95)": 922.4047499999999,
            "avg": 566.3304749799833,
            "min": 12.04,
            "med": 596.6365000000001,
            "max": 1153.281
        },
        "http_req_blocked": {
            "max": 5.223,
            "p(90)": 0.016,
            "p(95)": 0.052,
            "avg": 0.026247798238590688,
            "min": 0,
            "med": 0.003
        },
        "vus": {
            "value": 20,
            "min": 1,
            "max": 20
        },
        "http_req_connecting": {
            "p(95)": 0,
            "avg": 0.009924939951961566,
            "min": 0,
            "med": 0,
            "max": 4.012,
            "p(90)": 0
        },
        "checks": {
            "passes": 0,
            "fails": 1249,
            "value": 0
        }
    }
}