{
    "metrics": {
        "http_req_duration": {
            "p(95)": 711.6872999999999,
            "avg": 321.09446673718674,
            "min": 5.135,
            "med": 297.31600000000003,
            "max": 1501.874,
            "p(90)": 568.8556
        },
        "http_req_tls_handshaking": {
            "med": 0,
            "max": 0,
            "p(90)": 0,
            "p(95)": 0,
            "avg": 0,
            "min": 0
        },
        "iterations": {
            "count": 2836,
            "rate": 13.810925930640671
        },
        "http_req_duration{expected_response:true}": {
            "avg": 293.8402471355553,
            "min": 5.135,
            "med": 281.004,
            "max": 1377.593,
            "p(90)": 527.4562,
            "p(95)": 654.5493999999998
        },
        "http_req_sending": {
            "avg": 0.0248653032440044,
            "min": 0.001,
            "med": 0.008,
            "max": 12.699,
            "p(90)": 0.023,
            "p(95)": 0.039
        },
        "data_sent": {
            "count": 689148,
            "rate": 3356.0550011456835
        },
        "http_req_receiving": {
            "p(95)": 16.464849999999995,
            "avg": 3.878385637047481,
            "min": 0.008,
            "med": 1.163,
            "max": 205.397,
            "p(90)": 10.0953
        },
        "data_received": {
            "count": 198114508,
            "rate": 964790.1254489841
        },
        "http_reqs": {
            "count": 8508,
            "rate": 41.432777791922014
        },
        "http_req_connecting": {
            "med": 0,
            "max": 1.075,
            "p(90)": 0,
            "p(95)": 0,
            "avg": 0.002483309826046073,
            "min": 0
        },
        "http_req_waiting": {
            "min": 4.631,
            "med": 295.474,
            "max": 1411.213,
            "p(90)": 564.8824000000001,
            "p(95)": 707.7968499999997,
            "avg": 317.1912157968977
        },
        "vus_max": {
            "value": 20,
            "min": 20,
            "max": 20
        },
        "iteration_duration": {
            "p(90)": 1671.3596455,
            "p(95)": 1825.6951255,
            "avg": 1377.4128087302518,
            "min": 1016.053,
            "med": 1331.028333,
            "max": 2536.085333
        },
        "checks": {
            "fails": 0,
            "passes": 2836,
            "value": 1
        },
        "http_req_blocked": {
            "p(95)": 0.035,
            "avg": 0.027626586741890165,
            "min": 0,
            "med": 0.003,
            "max": 11.081,
            "p(90)": 0.017
        },
        "http_req_failed": {
            "passes": 2835,
            "fails": 5673,
            "value": 0.33321579689703806
        },
        "vus": {
            "value": 20,
            "min": 1,
            "max": 20
        }
    },
    "root_group": {
        "checks": {
            "status was 200": {
                "passes": 2836,
                "fails": 0,
                "name": "status was 200",
                "path": "::status was 200",
                "id": "1461660757a913d4fb82ac4c5e1009de"
            }
        },
        "name": "",
        "path": "",
        "id": "d41d8cd98f00b204e9800998ecf8427e",
        "groups": {}
    }
}